{
	"__comment": "Designed by DayBear with Cubik Studio - https://cubik.studio",
	"textures": {
		"voxels_atlas": "blocks/voxels_atlas"
	},
	"elements": [ 	 
		{
			"__comment": "Voxels",
			"from": [ 7.25, 0, 6.25 ],
			"to": [ 7.75, 8.25, 6.75 ],
			"faces": {
				"down": { "uv": [ 3.125, 1.875, 3.375, 2.125 ], "texture": "#voxels_atlas" },
				"up": { "uv": [ 1.375, 0.625, 1.625, 0.375 ], "texture": "#voxels_atlas" },
				"north": { "uv": [ 2.875, 0, 2.625, 4.125 ], "texture": "#voxels_atlas" },
				"south": { "uv": [ 2.875, 0, 3.125, 4.125 ], "texture": "#voxels_atlas" },
				"west": { "uv": [ 3.5, 7.5, 3.75, 11.625 ], "texture": "#voxels_atlas" },
				"east": { "uv": [ 3.75, 3.375, 3.5, 7.5 ], "texture": "#voxels_atlas" }
			}
		},
		{
			"__comment": "Voxels",
			"from": [ 7.5, 0, 5.75 ],
			"to": [ 8, 8.25, 6 ],
			"faces": {
				"down": { "uv": [ 3.125, 1, 3.375, 1.125 ], "texture": "#voxels_atlas" },
				"up": { "uv": [ 3.125, 1.25, 3.375, 1.125 ], "texture": "#voxels_atlas" },
				"north": { "uv": [ 4, 7.75, 3.75, 11.875 ], "texture": "#voxels_atlas" },
				"south": { "uv": [ 3.75, 3.625, 4, 7.75 ], "texture": "#voxels_atlas" },
				"west": { "uv": [ 5.75, 11.875, 5.875, 16 ], "texture": "#voxels_atlas" },
				"east": { "uv": [ 6, 11.875, 5.875, 16 ], "texture": "#voxels_atlas" }
			}
		},
		{
			"__comment": "Voxels",
			"from": [ 7.5, 0, 6 ],
			"to": [ 7.75, 8.25, 6.25 ],
			"faces": {
				"down": { "uv": [ 3.875, 3.5, 4, 3.625 ], "texture": "#voxels_atlas" },
				"up": { "uv": [ 3.5, 0.25, 3.625, 0.125 ], "texture": "#voxels_atlas" },
				"north": { "uv": [ 0.875, 3.875, 0.75, 8 ], "texture": "#voxels_atlas" },
				"south": { "uv": [ 6.125, 11.875, 6.25, 16 ], "texture": "#voxels_atlas" },
				"west": { "uv": [ 6.25, 11.875, 6.375, 16 ], "texture": "#voxels_atlas" },
				"east": { "uv": [ 6.5, 11.875, 6.375, 16 ], "texture": "#voxels_atlas" }
			}
		},
		{
			"__comment": "Voxels",
			"from": [ 7.5, 0, 6.75 ],
			"to": [ 7.75, 8.25, 7.25 ],
			"faces": {
				"down": { "uv": [ 0.75, 2.375, 0.875, 2.625 ], "texture": "#voxels_atlas" },
				"up": { "uv": [ 0.75, 2.875, 0.875, 2.625 ], "texture": "#voxels_atlas" },
				"north": { "uv": [ 6.625, 11.875, 6.5, 16 ], "texture": "#voxels_atlas" },
				"south": { "uv": [ 6, 11.875, 6.125, 16 ], "texture": "#voxels_atlas" },
				"west": { "uv": [ 4.5, 11.875, 4.75, 16 ], "texture": "#voxels_atlas" },
				"east": { "uv": [ 5, 11.875, 4.75, 16 ], "texture": "#voxels_atlas" }
			}
		},
		{
			"__comment": "Voxels",
			"from": [ 7.5, 9, 6 ],
			"to": [ 9.5, 9.5, 7 ],
			"faces": {
				"down": { "uv": [ 7.375, 15.5, 8.375, 16 ], "texture": "#voxels_atlas" },
				"up": { "uv": [ 7.375, 15.5, 8.375, 15 ], "texture": "#voxels_atlas" },
				"north": { "uv": [ 8.375, 14, 7.375, 14.25 ], "texture": "#voxels_atlas" },
				"south": { "uv": [ 7.375, 14.25, 8.375, 14.5 ], "texture": "#voxels_atlas" },
				"west": { "uv": [ 7.875, 12.25, 8.375, 12.5 ], "texture": "#voxels_atlas" },
				"east": { "uv": [ 8.375, 12, 7.875, 12.25 ], "texture": "#voxels_atlas" }
			}
		},
		{
			"__comment": "Voxels",
			"from": [ 7.5, 9.25, 5.75 ],
			"to": [ 9.5, 9.5, 6 ],
			"faces": {
				"down": { "uv": [ 9.125, 15.875, 10.125, 16 ], "texture": "#voxels_atlas" },
				"up": { "uv": [ 9.125, 15.875, 10.125, 15.75 ], "texture": "#voxels_atlas" },
				"north": { "uv": [ 8.375, 13.5, 7.375, 13.625 ], "texture": "#voxels_atlas" },
				"south": { "uv": [ 7.375, 13.375, 8.375, 13.5 ], "texture": "#voxels_atlas" },
				"west": { "uv": [ 3.5, 0.875, 3.625, 1 ], "texture": "#voxels_atlas" },
				"east": { "uv": [ 3.625, 0.375, 3.5, 0.5 ], "texture": "#voxels_atlas" }
			}
		},
		{
			"__comment": "Voxels",
			"from": [ 7.5, 9.25, 7 ],
			"to": [ 9.5, 9.5, 7.25 ],
			"faces": {
				"down": { "uv": [ 7.375, 13.25, 8.375, 13.375 ], "texture": "#voxels_atlas" },
				"up": { "uv": [ 7.375, 13.25, 8.375, 13.125 ], "texture": "#voxels_atlas" },
				"north": { "uv": [ 8.375, 13, 7.375, 13.125 ], "texture": "#voxels_atlas" },
				"south": { "uv": [ 7.375, 12.875, 8.375, 13 ], "texture": "#voxels_atlas" },
				"west": { "uv": [ 3.625, 0.5, 3.75, 0.625 ], "texture": "#voxels_atlas" },
				"east": { "uv": [ 3.625, 0.5, 3.5, 0.625 ], "texture": "#voxels_atlas" }
			}
		},
		{
			"__comment": "Voxels",
			"from": [ 7.5, 9.5, 6.25 ],
			"to": [ 9.5, 9.75, 6.75 ],
			"faces": {
				"down": { "uv": [ 7.375, 14.75, 8.375, 15 ], "texture": "#voxels_atlas" },
				"up": { "uv": [ 7.375, 14.75, 8.375, 14.5 ], "texture": "#voxels_atlas" },
				"north": { "uv": [ 8.375, 12.75, 7.375, 12.875 ], "texture": "#voxels_atlas" },
				"south": { "uv": [ 9.125, 15.625, 10.125, 15.75 ], "texture": "#voxels_atlas" },
				"west": { "uv": [ 1.375, 0.25, 1.625, 0.375 ], "texture": "#voxels_atlas" },
				"east": { "uv": [ 3.375, 0.125, 3.125, 0.25 ], "texture": "#voxels_atlas" }
			}
		},
		{
			"__comment": "Voxels",
			"from": [ 7.75, 0, 5.5 ],
			"to": [ 9.25, 8.25, 5.75 ],
			"faces": {
				"down": { "uv": [ 10.125, 15.375, 10.875, 15.5 ], "texture": "#voxels_atlas" },
				"up": { "uv": [ 10.125, 15.625, 10.875, 15.5 ], "texture": "#voxels_atlas" },
				"north": { "uv": [ 0.75, 3.875, 0, 8 ], "texture": "#voxels_atlas" },
				"south": { "uv": [ 0.875, 3.625, 1.625, 7.75 ], "texture": "#voxels_atlas" },
				"west": { "uv": [ 5.625, 11.875, 5.75, 16 ], "texture": "#voxels_atlas" },
				"east": { "uv": [ 7.125, 11.875, 7, 16 ], "texture": "#voxels_atlas" }
			}
		},
		{
			"__comment": "Voxels",
			"from": [ 7.75, 0, 7 ],
			"to": [ 8, 8.5, 7.25 ],
			"faces": {
				"down": { "uv": [ 3.5, 0.75, 3.625, 0.875 ], "texture": "#voxels_atlas" },
				"up": { "uv": [ 3.625, 1, 3.75, 0.875 ], "texture": "#voxels_atlas" },
				"north": { "uv": [ 3.5, 3, 3.375, 7.25 ], "texture": "#voxels_atlas" },
				"south": { "uv": [ 4.25, 0.625, 4.375, 4.875 ], "texture": "#voxels_atlas" },
				"west": { "uv": [ 4, 0.625, 4.125, 4.875 ], "texture": "#voxels_atlas" },
				"east": { "uv": [ 4.25, 0.625, 4.125, 4.875 ], "texture": "#voxels_atlas" }
			}
		},
		{
			"__comment": "Voxels",
			"from": [ 7.75, 0, 7.25 ],
			"to": [ 9.25, 8.25, 7.5 ],
			"faces": {
				"down": { "uv": [ 10.125, 15.875, 10.875, 16 ], "texture": "#voxels_atlas" },
				"up": { "uv": [ 9.125, 12.25, 9.875, 12.125 ], "texture": "#voxels_atlas" },
				"north": { "uv": [ 1.625, 7.75, 0.875, 11.875 ], "texture": "#voxels_atlas" },
				"south": { "uv": [ 0.875, 11.875, 1.625, 16 ], "texture": "#voxels_atlas" },
				"west": { "uv": [ 5.5, 11.875, 5.625, 16 ], "texture": "#voxels_atlas" },
				"east": { "uv": [ 7, 11.875, 6.875, 16 ], "texture": "#voxels_atlas" }
			}
		},
		{
			"__comment": "Voxels",
			"from": [ 7.75, 0.25, 6 ],
			"to": [ 9.5, 8.25, 6.25 ],
			"faces": {
				"down": { "uv": [ 9.125, 15.25, 10, 15.375 ], "texture": "#voxels_atlas" },
				"up": { "uv": [ 9.125, 15.25, 10, 15.125 ], "texture": "#voxels_atlas" },
				"north": { "uv": [ 0.875, 12, 0, 16 ], "texture": "#voxels_atlas" },
				"south": { "uv": [ 0, 8, 0.875, 12 ], "texture": "#voxels_atlas" },
				"west": { "uv": [ 8.5, 12, 8.625, 16 ], "texture": "#voxels_atlas" },
				"east": { "uv": [ 8.5, 12, 8.375, 16 ], "texture": "#voxels_atlas" }
			}
		},
		{
			"__comment": "Voxels",
			"from": [ 7.75, 0.25, 6.25 ],
			"to": [ 8.25, 9, 7 ],
			"faces": {
				"down": { "uv": [ 1.375, 3.25, 1.625, 3.625 ], "texture": "#voxels_atlas" },
				"up": { "uv": [ 1.375, 2.5, 1.625, 2.125 ], "texture": "#voxels_atlas" },
				"north": { "uv": [ 3.75, 11.625, 3.5, 16 ], "texture": "#voxels_atlas" },
				"south": { "uv": [ 3.125, 2.875, 3.375, 7.25 ], "texture": "#voxels_atlas" },
				"west": { "uv": [ 3.125, 7.25, 3.5, 11.625 ], "texture": "#voxels_atlas" },
				"east": { "uv": [ 3.5, 11.625, 3.125, 16 ], "texture": "#voxels_atlas" }
			}
		},
		{
			"__comment": "Voxels",
			"from": [ 7.75, 8.25, 5.75 ],
			"to": [ 9.25, 8.5, 6.25 ],
			"faces": {
				"down": { "uv": [ 0.875, 1.875, 1.625, 2.125 ], "texture": "#voxels_atlas" },
				"up": { "uv": [ 0.875, 0.25, 1.625, 0 ], "texture": "#voxels_atlas" },
				"north": { "uv": [ 9.875, 12.625, 9.125, 12.75 ], "texture": "#voxels_atlas" },
				"south": { "uv": [ 9.125, 12.5, 9.875, 12.625 ], "texture": "#voxels_atlas" },
				"west": { "uv": [ 3.125, 0.5, 3.375, 0.625 ], "texture": "#voxels_atlas" },
				"east": { "uv": [ 3.375, 0.625, 3.125, 0.75 ], "texture": "#voxels_atlas" }
			}
		},
		{
			"__comment": "Voxels",
			"from": [ 7.75, 8.5, 6 ],
			"to": [ 9.25, 9, 6.25 ],
			"faces": {
				"down": { "uv": [ 9.125, 13, 9.875, 13.125 ], "texture": "#voxels_atlas" },
				"up": { "uv": [ 9.125, 13.25, 9.875, 13.125 ], "texture": "#voxels_atlas" },
				"north": { "uv": [ 1.625, 0.875, 0.875, 1.125 ], "texture": "#voxels_atlas" },
				"south": { "uv": [ 0.875, 1.375, 1.625, 1.625 ], "texture": "#voxels_atlas" },
				"west": { "uv": [ 0.75, 1.375, 0.875, 1.625 ], "texture": "#voxels_atlas" },
				"east": { "uv": [ 0.875, 1.625, 0.75, 1.875 ], "texture": "#voxels_atlas" }
			}
		},
		{
			"__comment": "Voxels",
			"from": [ 7.75, 9, 5.75 ],
			"to": [ 9.25, 9.25, 6 ],
			"faces": {
				"down": { "uv": [ 9.125, 13.375, 9.875, 13.5 ], "texture": "#voxels_atlas" },
				"up": { "uv": [ 9.125, 13.625, 9.875, 13.5 ], "texture": "#voxels_atlas" },
				"north": { "uv": [ 9.875, 14.125, 9.125, 14.25 ], "texture": "#voxels_atlas" },
				"south": { "uv": [ 9.125, 14.25, 9.875, 14.375 ], "texture": "#voxels_atlas" },
				"west": { "uv": [ 3.625, 0.625, 3.75, 0.75 ], "texture": "#voxels_atlas" },
				"east": { "uv": [ 3.75, 1, 3.625, 1.125 ], "texture": "#voxels_atlas" }
			}
		},
		{
			"__comment": "Voxels",
			"from": [ 7.75, 9, 7 ],
			"to": [ 9.25, 9.25, 7.25 ],
			"faces": {
				"down": { "uv": [ 9.125, 14.375, 9.875, 14.5 ], "texture": "#voxels_atlas" },
				"up": { "uv": [ 9.125, 12.125, 9.875, 12 ], "texture": "#voxels_atlas" },
				"north": { "uv": [ 9.875, 14.5, 9.125, 14.625 ], "texture": "#voxels_atlas" },
				"south": { "uv": [ 9.125, 13.75, 9.875, 13.875 ], "texture": "#voxels_atlas" },
				"west": { "uv": [ 3.5, 1, 3.625, 1.125 ], "texture": "#voxels_atlas" },
				"east": { "uv": [ 3.5, 0, 3.375, 0.125 ], "texture": "#voxels_atlas" }
			}
		},
		{
			"__comment": "Voxels",
			"from": [ 7.75, 9.25, 5.5 ],
			"to": [ 9.25, 9.5, 5.75 ],
			"faces": {
				"down": { "uv": [ 9.125, 11.875, 9.875, 12 ], "texture": "#voxels_atlas" },
				"up": { "uv": [ 10.125, 15.875, 10.875, 15.75 ], "texture": "#voxels_atlas" },
				"north": { "uv": [ 10.875, 15.625, 10.125, 15.75 ], "texture": "#voxels_atlas" },
				"south": { "uv": [ 10.125, 15.25, 10.875, 15.375 ], "texture": "#voxels_atlas" },
				"west": { "uv": [ 3.375, 1.125, 3.5, 1.25 ], "texture": "#voxels_atlas" },
				"east": { "uv": [ 3.5, 1.625, 3.375, 1.75 ], "texture": "#voxels_atlas" }
			}
		},
		{
			"__comment": "Voxels",
			"from": [ 7.75, 9.25, 7.25 ],
			"to": [ 9.25, 9.5, 7.5 ],
			"faces": {
				"down": { "uv": [ 9.125, 15, 9.875, 15.125 ], "texture": "#voxels_atlas" },
				"up": { "uv": [ 9.125, 15, 9.875, 14.875 ], "texture": "#voxels_atlas" },
				"north": { "uv": [ 9.875, 14.75, 9.125, 14.875 ], "texture": "#voxels_atlas" },
				"south": { "uv": [ 9.125, 14.625, 9.875, 14.75 ], "texture": "#voxels_atlas" },
				"west": { "uv": [ 3.375, 0.125, 3.5, 0.25 ], "texture": "#voxels_atlas" },
				"east": { "uv": [ 3.5, 0.25, 3.375, 0.375 ], "texture": "#voxels_atlas" }
			}
		},
		{
			"__comment": "Voxels",
			"from": [ 7.75, 9.5, 5.75 ],
			"to": [ 9.25, 9.75, 6.25 ],
			"faces": {
				"down": { "uv": [ 0.875, 2.5, 1.625, 2.75 ], "texture": "#voxels_atlas" },
				"up": { "uv": [ 0.875, 3, 1.625, 2.75 ], "texture": "#voxels_atlas" },
				"north": { "uv": [ 9.875, 14, 9.125, 14.125 ], "texture": "#voxels_atlas" },
				"south": { "uv": [ 9.125, 13.875, 9.875, 14 ], "texture": "#voxels_atlas" },
				"west": { "uv": [ 3.5, 2.5, 3.75, 2.625 ], "texture": "#voxels_atlas" },
				"east": { "uv": [ 3.75, 2.625, 3.5, 2.75 ], "texture": "#voxels_atlas" }
			}
		},
		{
			"__comment": "Voxels",
			"from": [ 7.75, 9.5, 6.75 ],
			"to": [ 9.25, 9.75, 7.25 ],
			"faces": {
				"down": { "uv": [ 0.875, 0.625, 1.625, 0.875 ], "texture": "#voxels_atlas" },
				"up": { "uv": [ 0.875, 1.875, 1.625, 1.625 ], "texture": "#voxels_atlas" },
				"north": { "uv": [ 9.875, 13.25, 9.125, 13.375 ], "texture": "#voxels_atlas" },
				"south": { "uv": [ 9.125, 13.625, 9.875, 13.75 ], "texture": "#voxels_atlas" },
				"west": { "uv": [ 3.5, 2.875, 3.75, 3 ], "texture": "#voxels_atlas" },
				"east": { "uv": [ 3.75, 3, 3.5, 3.125 ], "texture": "#voxels_atlas" }
			}
		},
		{
			"__comment": "Voxels",
			"from": [ 8, 0.25, 5.75 ],
			"to": [ 9.5, 8.25, 6 ],
			"faces": {
				"down": { "uv": [ 9.125, 12.875, 9.875, 13 ], "texture": "#voxels_atlas" },
				"up": { "uv": [ 9.125, 12.875, 9.875, 12.75 ], "texture": "#voxels_atlas" },
				"north": { "uv": [ 2.375, 4, 1.625, 8 ], "texture": "#voxels_atlas" },
				"south": { "uv": [ 1.625, 8, 2.375, 12 ], "texture": "#voxels_atlas" },
				"west": { "uv": [ 9, 12, 9.125, 16 ], "texture": "#voxels_atlas" },
				"east": { "uv": [ 9, 12, 8.875, 16 ], "texture": "#voxels_atlas" }
			}
		},
		{
			"__comment": "Voxels",
			"from": [ 8, 0.25, 7 ],
			"to": [ 9.5, 8.25, 7.25 ],
			"faces": {
				"down": { "uv": [ 9.125, 12.375, 9.875, 12.5 ], "texture": "#voxels_atlas" },
				"up": { "uv": [ 9.125, 12.375, 9.875, 12.25 ], "texture": "#voxels_atlas" },
				"north": { "uv": [ 2.375, 12, 1.625, 16 ], "texture": "#voxels_atlas" },
				"south": { "uv": [ 1.625, 0, 2.375, 4 ], "texture": "#voxels_atlas" },
				"west": { "uv": [ 3, 4.125, 3.125, 8.125 ], "texture": "#voxels_atlas" },
				"east": { "uv": [ 8.75, 12, 8.625, 16 ], "texture": "#voxels_atlas" }
			}
		},
		{
			"__comment": "Voxels",
			"from": [ 8, 8.25, 5.5 ],
			"to": [ 9, 8.5, 5.75 ],
			"faces": {
				"down": { "uv": [ 10.125, 13, 10.625, 13.125 ], "texture": "#voxels_atlas" },
				"up": { "uv": [ 10.125, 13, 10.625, 12.875 ], "texture": "#voxels_atlas" },
				"north": { "uv": [ 10.625, 12.75, 10.125, 12.875 ], "texture": "#voxels_atlas" },
				"south": { "uv": [ 10.125, 12.625, 10.625, 12.75 ], "texture": "#voxels_atlas" },
				"west": { "uv": [ 3.625, 0.25, 3.75, 0.375 ], "texture": "#voxels_atlas" },
				"east": { "uv": [ 3.875, 3.375, 3.75, 3.5 ], "texture": "#voxels_atlas" }
			}
		},
		{
			"__comment": "Voxels",
			"from": [ 8, 8.25, 7 ],
			"to": [ 9.25, 8.5, 7.25 ],
			"faces": {
				"down": { "uv": [ 10.125, 14.625, 10.75, 14.75 ], "texture": "#voxels_atlas" },
				"up": { "uv": [ 10.125, 14.625, 10.75, 14.5 ], "texture": "#voxels_atlas" },
				"north": { "uv": [ 10.75, 14.875, 10.125, 15 ], "texture": "#voxels_atlas" },
				"south": { "uv": [ 10.125, 15, 10.75, 15.125 ], "texture": "#voxels_atlas" },
				"west": { "uv": [ 0.75, 0.125, 0.875, 0.25 ], "texture": "#voxels_atlas" },
				"east": { "uv": [ 3.5, 1.75, 3.375, 1.875 ], "texture": "#voxels_atlas" }
			}
		},
		{
			"__comment": "Voxels",
			"from": [ 8, 8.25, 7.25 ],
			"to": [ 9, 8.5, 7.5 ],
			"faces": {
				"down": { "uv": [ 10.125, 12.5, 10.625, 12.625 ], "texture": "#voxels_atlas" },
				"up": { "uv": [ 10.125, 12.5, 10.625, 12.375 ], "texture": "#voxels_atlas" },
				"north": { "uv": [ 10.625, 12.25, 10.125, 12.375 ], "texture": "#voxels_atlas" },
				"south": { "uv": [ 10.125, 12.125, 10.625, 12.25 ], "texture": "#voxels_atlas" },
				"west": { "uv": [ 3.375, 1, 3.5, 1.125 ], "texture": "#voxels_atlas" },
				"east": { "uv": [ 3.5, 0.875, 3.375, 1 ], "texture": "#voxels_atlas" }
			}
		},
		{
			"__comment": "Voxels",
			"from": [ 8, 8.5, 5.75 ],
			"to": [ 9, 9, 6 ],
			"faces": {
				"down": { "uv": [ 10.125, 12, 10.625, 12.125 ], "texture": "#voxels_atlas" },
				"up": { "uv": [ 10.125, 12, 10.625, 11.875 ], "texture": "#voxels_atlas" },
				"north": { "uv": [ 7.875, 12, 7.375, 12.25 ], "texture": "#voxels_atlas" },
				"south": { "uv": [ 7.375, 12.25, 7.875, 12.5 ], "texture": "#voxels_atlas" },
				"west": { "uv": [ 0.75, 1.875, 0.875, 2.125 ], "texture": "#voxels_atlas" },
				"east": { "uv": [ 0.875, 0.875, 0.75, 1.125 ], "texture": "#voxels_atlas" }
			}
		},
		{
			"__comment": "Voxels",
			"from": [ 8, 8.5, 7 ],
			"to": [ 9, 9, 7.25 ],
			"faces": {
				"down": { "uv": [ 10.875, 15.875, 11.375, 16 ], "texture": "#voxels_atlas" },
				"up": { "uv": [ 10.875, 15.875, 11.375, 15.75 ], "texture": "#voxels_atlas" },
				"north": { "uv": [ 8.375, 12.5, 7.875, 12.75 ], "texture": "#voxels_atlas" },
				"south": { "uv": [ 7.375, 12.5, 7.875, 12.75 ], "texture": "#voxels_atlas" },
				"west": { "uv": [ 0.75, 2.125, 0.875, 2.375 ], "texture": "#voxels_atlas" },
				"east": { "uv": [ 0.875, 1.125, 0.75, 1.375 ], "texture": "#voxels_atlas" }
			}
		},
		{
			"__comment": "Voxels",
			"from": [ 8, 9, 5.5 ],
			"to": [ 9, 9.25, 5.75 ],
			"faces": {
				"down": { "uv": [ 7.875, 13.625, 8.375, 13.75 ], "texture": "#voxels_atlas" },
				"up": { "uv": [ 7.375, 12, 7.875, 11.875 ], "texture": "#voxels_atlas" },
				"north": { "uv": [ 8.375, 11.875, 7.875, 12 ], "texture": "#voxels_atlas" },
				"south": { "uv": [ 9.625, 15.5, 10.125, 15.625 ], "texture": "#voxels_atlas" },
				"west": { "uv": [ 3.375, 1.5, 3.5, 1.625 ], "texture": "#voxels_atlas" },
				"east": { "uv": [ 3.5, 1.375, 3.375, 1.5 ], "texture": "#voxels_atlas" }
			}
		},
		{
			"__comment": "Voxels",
			"from": [ 8, 9, 7.25 ],
			"to": [ 9, 9.25, 7.5 ],
			"faces": {
				"down": { "uv": [ 9.625, 15.375, 10.125, 15.5 ], "texture": "#voxels_atlas" },
				"up": { "uv": [ 10.125, 14.5, 10.625, 14.375 ], "texture": "#voxels_atlas" },
				"north": { "uv": [ 10.625, 14.25, 10.125, 14.375 ], "texture": "#voxels_atlas" },
				"south": { "uv": [ 10.125, 14.125, 10.625, 14.25 ], "texture": "#voxels_atlas" },
				"west": { "uv": [ 3.375, 0.5, 3.5, 0.625 ], "texture": "#voxels_atlas" },
				"east": { "uv": [ 3.5, 0.375, 3.375, 0.5 ], "texture": "#voxels_atlas" }
			}
		},
		{
			"__comment": "Voxels",
			"from": [ 8, 9.5, 5.5 ],
			"to": [ 9, 9.75, 5.75 ],
			"faces": {
				"down": { "uv": [ 10.125, 14, 10.625, 14.125 ], "texture": "#voxels_atlas" },
				"up": { "uv": [ 10.125, 14, 10.625, 13.875 ], "texture": "#voxels_atlas" },
				"north": { "uv": [ 10.625, 13.75, 10.125, 13.875 ], "texture": "#voxels_atlas" },
				"south": { "uv": [ 10.125, 13.625, 10.625, 13.75 ], "texture": "#voxels_atlas" },
				"west": { "uv": [ 3.625, 0, 3.75, 0.125 ], "texture": "#voxels_atlas" },
				"east": { "uv": [ 3.875, 3.5, 3.75, 3.625 ], "texture": "#voxels_atlas" }
			}
		},
		{
			"__comment": "Voxels",
			"from": [ 8, 9.5, 7.25 ],
			"to": [ 9, 9.75, 7.5 ],
			"faces": {
				"down": { "uv": [ 10.125, 13.5, 10.625, 13.625 ], "texture": "#voxels_atlas" },
				"up": { "uv": [ 10.125, 13.5, 10.625, 13.375 ], "texture": "#voxels_atlas" },
				"north": { "uv": [ 10.625, 13.25, 10.125, 13.375 ], "texture": "#voxels_atlas" },
				"south": { "uv": [ 10.125, 13.125, 10.625, 13.25 ], "texture": "#voxels_atlas" },
				"west": { "uv": [ 3.375, 0.75, 3.5, 0.875 ], "texture": "#voxels_atlas" },
				"east": { "uv": [ 3.5, 0.625, 3.375, 0.75 ], "texture": "#voxels_atlas" }
			}
		},
		{
			"__comment": "Voxels",
			"from": [ 8.25, 0, 5.25 ],
			"to": [ 8.75, 8.25, 5.5 ],
			"faces": {
				"down": { "uv": [ 3.125, 1.375, 3.375, 1.5 ], "texture": "#voxels_atlas" },
				"up": { "uv": [ 3.125, 1.375, 3.375, 1.25 ], "texture": "#voxels_atlas" },
				"north": { "uv": [ 2.625, 0, 2.375, 4.125 ], "texture": "#voxels_atlas" },
				"south": { "uv": [ 3.75, 11.875, 4, 16 ], "texture": "#voxels_atlas" },
				"west": { "uv": [ 6.625, 11.875, 6.75, 16 ], "texture": "#voxels_atlas" },
				"east": { "uv": [ 6.875, 11.875, 6.75, 16 ], "texture": "#voxels_atlas" }
			}
		},
		{
			"__comment": "Voxels",
			"from": [ 8.25, 0, 7.5 ],
			"to": [ 8.75, 8.25, 7.75 ],
			"faces": {
				"down": { "uv": [ 3.125, 0.875, 3.375, 1 ], "texture": "#voxels_atlas" },
				"up": { "uv": [ 3.125, 0.875, 3.375, 0.75 ], "texture": "#voxels_atlas" },
				"north": { "uv": [ 4.25, 11.875, 4, 16 ], "texture": "#voxels_atlas" },
				"south": { "uv": [ 4.25, 11.875, 4.5, 16 ], "texture": "#voxels_atlas" },
				"west": { "uv": [ 7.125, 11.875, 7.25, 16 ], "texture": "#voxels_atlas" },
				"east": { "uv": [ 7.375, 11.875, 7.25, 16 ], "texture": "#voxels_atlas" }
			}
		},
		{
			"__comment": "Voxels",
			"from": [ 8.25, 0.25, 6.75 ],
			"to": [ 9.5, 8.25, 7 ],
			"faces": {
				"down": { "uv": [ 10.125, 15.125, 10.75, 15.25 ], "texture": "#voxels_atlas" },
				"up": { "uv": [ 10.125, 14.875, 10.75, 14.75 ], "texture": "#voxels_atlas" },
				"north": { "uv": [ 3, 8.125, 2.375, 12.125 ], "texture": "#voxels_atlas" },
				"south": { "uv": [ 2.375, 4.125, 3, 8.125 ], "texture": "#voxels_atlas" },
				"west": { "uv": [ 3, 8.125, 3.125, 12.125 ], "texture": "#voxels_atlas" },
				"east": { "uv": [ 8.875, 12, 8.75, 16 ], "texture": "#voxels_atlas" }
			}
		},
		{
			"__comment": "Voxels",
			"from": [ 8.25, 0.5, 6.25 ],
			"to": [ 9.75, 8.25, 6.75 ],
			"faces": {
				"down": { "uv": [ 0.875, 3, 1.625, 3.25 ], "texture": "#voxels_atlas" },
				"up": { "uv": [ 0.875, 1.375, 1.625, 1.125 ], "texture": "#voxels_atlas" },
				"north": { "uv": [ 3.125, 12.125, 2.375, 16 ], "texture": "#voxels_atlas" },
				"south": { "uv": [ 0, 0, 0.75, 3.875 ], "texture": "#voxels_atlas" },
				"west": { "uv": [ 5.25, 12.125, 5.5, 16 ], "texture": "#voxels_atlas" },
				"east": { "uv": [ 5.25, 12.125, 5, 16 ], "texture": "#voxels_atlas" }
			}
		},
		{
			"__comment": "Voxels",
			"from": [ 8.25, 8.25, 6.25 ],
			"to": [ 9.25, 9, 7 ],
			"faces": {
				"down": { "uv": [ 7.375, 13.625, 7.875, 14 ], "texture": "#voxels_atlas" },
				"up": { "uv": [ 0.875, 3.625, 1.375, 3.25 ], "texture": "#voxels_atlas" },
				"north": { "uv": [ 1.375, 0.25, 0.875, 0.625 ], "texture": "#voxels_atlas" },
				"south": { "uv": [ 0.875, 2.125, 1.375, 2.5 ], "texture": "#voxels_atlas" },
				"west": { "uv": [ 3.125, 2.5, 3.5, 2.875 ], "texture": "#voxels_atlas" },
				"east": { "uv": [ 3.5, 2.125, 3.125, 2.5 ], "texture": "#voxels_atlas" }
			}
		},
		{
			"__comment": "Voxels",
			"from": [ 8.25, 8.75, 5.5 ],
			"to": [ 8.75, 9, 5.75 ],
			"faces": {
				"down": { "uv": [ 3.125, 0, 3.375, 0.125 ], "texture": "#voxels_atlas" },
				"up": { "uv": [ 3.5, 3.375, 3.75, 3.25 ], "texture": "#voxels_atlas" },
				"north": { "uv": [ 3.75, 3.125, 3.5, 3.25 ], "texture": "#voxels_atlas" },
				"south": { "uv": [ 3.125, 1.75, 3.375, 1.875 ], "texture": "#voxels_atlas" },
				"west": { "uv": [ 3.875, 3.25, 4, 3.375 ], "texture": "#voxels_atlas" },
				"east": { "uv": [ 0.875, 0.25, 0.75, 0.375 ], "texture": "#voxels_atlas" }
			}
		},
		{
			"__comment": "Voxels",
			"from": [ 8.25, 8.75, 7.25 ],
			"to": [ 8.75, 9, 7.5 ],
			"faces": {
				"down": { "uv": [ 3.125, 0.25, 3.375, 0.375 ], "texture": "#voxels_atlas" },
				"up": { "uv": [ 3.125, 1.75, 3.375, 1.625 ], "texture": "#voxels_atlas" },
				"north": { "uv": [ 3.375, 1.5, 3.125, 1.625 ], "texture": "#voxels_atlas" },
				"south": { "uv": [ 3.125, 0.375, 3.375, 0.5 ], "texture": "#voxels_atlas" },
				"west": { "uv": [ 0.75, 0, 0.875, 0.125 ], "texture": "#voxels_atlas" },
				"east": { "uv": [ 3.5, 2.875, 3.375, 3 ], "texture": "#voxels_atlas" }
			}
		},
		{
			"__comment": "Voxels",
			"from": [ 8.25, 9.75, 6.25 ],
			"to": [ 8.5, 23.75, 6.5 ],
			"faces": {
				"down": { "uv": [ 3.375, 2, 3.5, 2.125 ], "texture": "#voxels_atlas" },
				"up": { "uv": [ 3.375, 2, 3.5, 1.875 ], "texture": "#voxels_atlas" },
				"north": { "uv": [ 4.75, 4.875, 4.625, 11.875 ], "texture": "#voxels_atlas" },
				"south": { "uv": [ 4.5, 4.875, 4.625, 11.875 ], "texture": "#voxels_atlas" },
				"west": { "uv": [ 4.375, 4.875, 4.5, 11.875 ], "texture": "#voxels_atlas" },
				"east": { "uv": [ 4.375, 4.875, 4.25, 11.875 ], "texture": "#voxels_atlas" }
			}
		},
		{
			"__comment": "Voxels",
			"from": [ 8.5, 9.75, 6.5 ],
			"to": [ 8.75, 23.75, 6.75 ],
			"faces": {
				"down": { "uv": [ 3.375, 1.25, 3.5, 1.375 ], "texture": "#voxels_atlas" },
				"up": { "uv": [ 3.75, 3.25, 3.875, 3.125 ], "texture": "#voxels_atlas" },
				"north": { "uv": [ 5, 4.875, 4.875, 11.875 ], "texture": "#voxels_atlas" },
				"south": { "uv": [ 4.75, 4.875, 4.875, 11.875 ], "texture": "#voxels_atlas" },
				"west": { "uv": [ 4.125, 4.875, 4.25, 11.875 ], "texture": "#voxels_atlas" },
				"east": { "uv": [ 4.125, 4.875, 4, 11.875 ], "texture": "#voxels_atlas" }
			}
		},
		{
			"__comment": "Voxels",
			"from": [ 8.75, 0.25, 6.25 ],
			"to": [ 9.75, 0.5, 6.75 ],
			"faces": {
				"down": { "uv": [ 9.125, 15.375, 9.625, 15.625 ], "texture": "#voxels_atlas" },
				"up": { "uv": [ 7.875, 14, 8.375, 13.75 ], "texture": "#voxels_atlas" },
				"north": { "uv": [ 11.375, 15.625, 10.875, 15.75 ], "texture": "#voxels_atlas" },
				"south": { "uv": [ 10.875, 15.5, 11.375, 15.625 ], "texture": "#voxels_atlas" },
				"west": { "uv": [ 3.5, 2.375, 3.75, 2.5 ], "texture": "#voxels_atlas" },
				"east": { "uv": [ 3.75, 2.25, 3.5, 2.375 ], "texture": "#voxels_atlas" }
			}
		},
		{
			"__comment": "Voxels",
			"from": [ 9, 0, 5.75 ],
			"to": [ 9.5, 0.25, 6 ],
			"faces": {
				"down": { "uv": [ 3.5, 2.125, 3.75, 2.25 ], "texture": "#voxels_atlas" },
				"up": { "uv": [ 3.5, 2.125, 3.75, 2 ], "texture": "#voxels_atlas" },
				"north": { "uv": [ 3.75, 1.875, 3.5, 2 ], "texture": "#voxels_atlas" },
				"south": { "uv": [ 3.5, 1.75, 3.75, 1.875 ], "texture": "#voxels_atlas" },
				"west": { "uv": [ 3.625, 0.75, 3.75, 0.875 ], "texture": "#voxels_atlas" },
				"east": { "uv": [ 3.625, 0.625, 3.5, 0.75 ], "texture": "#voxels_atlas" }
			}
		},
		{
			"__comment": "Voxels",
			"from": [ 9, 0, 7 ],
			"to": [ 9.5, 0.25, 7.25 ],
			"faces": {
				"down": { "uv": [ 3.5, 1.625, 3.75, 1.75 ], "texture": "#voxels_atlas" },
				"up": { "uv": [ 3.5, 1.625, 3.75, 1.5 ], "texture": "#voxels_atlas" },
				"north": { "uv": [ 3.75, 1.375, 3.5, 1.5 ], "texture": "#voxels_atlas" },
				"south": { "uv": [ 3.5, 1.25, 3.75, 1.375 ], "texture": "#voxels_atlas" },
				"west": { "uv": [ 3.625, 0.375, 3.75, 0.5 ], "texture": "#voxels_atlas" },
				"east": { "uv": [ 3.625, 0.25, 3.5, 0.375 ], "texture": "#voxels_atlas" }
			}
		},
		{
			"__comment": "Voxels",
			"from": [ 9.25, 0, 6 ],
			"to": [ 9.5, 0.25, 7 ],
			"faces": {
				"down": { "uv": [ 0.75, 3.375, 0.875, 3.875 ], "texture": "#voxels_atlas" },
				"up": { "uv": [ 0.75, 3.375, 0.875, 2.875 ], "texture": "#voxels_atlas" },
				"north": { "uv": [ 3.75, 0.125, 3.625, 0.25 ], "texture": "#voxels_atlas" },
				"south": { "uv": [ 3.5, 0, 3.625, 0.125 ], "texture": "#voxels_atlas" },
				"west": { "uv": [ 10.875, 15.375, 11.375, 15.5 ], "texture": "#voxels_atlas" },
				"east": { "uv": [ 11.375, 15.25, 10.875, 15.375 ], "texture": "#voxels_atlas" }
			}
		},
		{
			"__comment": "Voxels",
			"from": [ 9.5, 0, 6.25 ],
			"to": [ 9.75, 0.25, 6.75 ],
			"faces": {
				"down": { "uv": [ 0.75, 0.625, 0.875, 0.875 ], "texture": "#voxels_atlas" },
				"up": { "uv": [ 0.75, 0.625, 0.875, 0.375 ], "texture": "#voxels_atlas" },
				"north": { "uv": [ 4, 3.375, 3.875, 3.5 ], "texture": "#voxels_atlas" },
				"south": { "uv": [ 3.75, 3.25, 3.875, 3.375 ], "texture": "#voxels_atlas" },
				"west": { "uv": [ 3.5, 1.125, 3.75, 1.25 ], "texture": "#voxels_atlas" },
				"east": { "uv": [ 3.75, 2.75, 3.5, 2.875 ], "texture": "#voxels_atlas" }
			}
		}
	],
	"display": {
		"thirdperson_righthand": {
			"rotation":  [ 0, 0, 0 ],
			"translation":  [ 0, 1.3913, 0.6956 ],
			"scale":  [ 0.3, 0.3, 0.3 ]
		},
		"thirdperson_lefthand": {
			"rotation":  [ 0, 0, 0 ],
			"translation":  [ 0, 0, 0 ],
			"scale":  [ 1, 1, 1 ]
		},
		"firstperson_righthand": {
			"rotation":  [ 0, 0, 0 ],
			"translation":  [ 0, 2.0869, 1.3913 ],
			"scale":  [ 0.4, 0.4, 0.4 ]
		},
		"firstperson_lefthand": {
			"rotation":  [ 0, 0, 0 ],
			"translation":  [ 0, 0, 0 ],
			"scale":  [ 1, 1, 1 ]
		},
		"gui": {
			"rotation":  [ 0, 0, -45 ],
			"translation":  [ -1.391, -1.391, -2.086 ],
			"scale":  [ 0.5, 0.5, 0.5 ]
		},
		"head": {
			"rotation":  [ 0, 0, 0 ],
			"translation":  [ 0, 9.7391, 0 ],
			"scale":  [ 1, 1, 1 ]
		},
		"ground": {
			"rotation":  [ 0, 0, 0 ],
			"translation":  [ 0, 2.0869, 0 ],
			"scale":  [ 0.5, 0.5, 0.5 ]
		},
		"fixed": {
			"rotation":  [ 0, 0, 45 ],
			"translation":  [ 0, -0.695, 0 ],
			"scale":  [ 0.5, 0.5, 0.5 ]
		}
	},
	"overrides": [
	]
}